{
  "param_names": [
    "umap_n_neighbors",
    "umap_n_components",
    "umap_min_dist",
    "hdbscan_min_cluster_size",
    "hdbscan_min_samples"
  ],
  "S1": [
    -0.6652263266058914,
    -0.27991779522579957,
    -0.15344891184064918,
    -0.6778732149444062,
    -0.2546240185487696
  ],
  "S1_conf": [
    1.8080824503270665,
    1.4610446085001643,
    1.4860203495684796,
    4.224526262233062,
    2.6396808514425554
  ],
  "ST": [
    1.2216894135005532,
    0.6610106971597196,
    0.8970859461453335,
    1.534489118406492,
    1.5108815935079305
  ],
  "ST_conf": [
    3.40698612966404,
    0.6782642056863937,
    2.4057909062966027,
    7.537423123250355,
    7.74700787616021
  ],
  "interaction_share_ST_minus_S1": [
    1.8869157401064447,
    0.9409284923855192,
    1.0505348579859828,
    2.212362333350898,
    1.7655056120567
  ]
}